snapshot_index,time,magic_m2,final_train_nll,final_val_nll,final_kl,final_tv,steps_to_threshold,condition_id,architecture,n_sites,theta1,hidden_size,seed,snapshot_entropy
0,0.0,1.0084901620272664,1.965206699371338,1.9557725191116333,0.8172169465099215,0.4305538610393258,3.0,N6_th0.00_archrbm_h48_s11,rbm,6,0.0,48,11,0.22807231345757034
18,1.2,1.0084901620272682,1.9601834917068481,1.9220199584960938,0.8175090721630704,0.42831065343770286,3.0,N6_th0.00_archrbm_h48_s11,rbm,6,0.0,48,11,0.22807231345756954
36,2.4,1.0084901620272673,1.9388228702545165,1.9630221128463745,0.818424699007222,0.4233835853410398,3.0,N6_th0.00_archrbm_h48_s11,rbm,6,0.0,48,11,0.2280723134575699
54,3.6,1.0084901620272673,2.019730815887451,1.9494280815124512,0.81747411926685,0.4441197404935026,3.0,N6_th0.00_archrbm_h48_s11,rbm,6,0.0,48,11,0.22807231345757017
72,4.8,1.0084901620272673,1.930617847442627,1.999962568283081,0.8170328324837045,0.4252205882184769,3.0,N6_th0.00_archrbm_h48_s11,rbm,6,0.0,48,11,0.22807231345757004
90,6.0,1.0084901620272664,1.9543980503082274,2.0032036304473877,0.8173038421169074,0.42802992829510067,3.0,N6_th0.00_archrbm_h48_s11,rbm,6,0.0,48,11,0.2280723134575699
0,0.0,1.0084901620272664,1.9721355438232422,1.8779973983764648,0.8168105081184411,0.43251621090959436,3.0,N6_th0.00_archrbm_h48_s17,rbm,6,0.0,48,17,0.22807231345757034
18,1.2,1.0084901620272682,1.991063380241394,2.0449538230895996,0.8173628971304014,0.4374158672753455,3.0,N6_th0.00_archrbm_h48_s17,rbm,6,0.0,48,17,0.22807231345756954
36,2.4,1.0084901620272673,2.020544843673706,1.987958312034607,0.817289352747043,0.442503742280988,3.0,N6_th0.00_archrbm_h48_s17,rbm,6,0.0,48,17,0.2280723134575699
54,3.6,1.0084901620272673,2.0337777614593504,1.9392788410186768,0.8172368498892582,0.44303486770953965,3.0,N6_th0.00_archrbm_h48_s17,rbm,6,0.0,48,17,0.22807231345757017
72,4.8,1.0084901620272673,1.9568526935577393,2.103748083114624,0.8169540788197865,0.4319917277258271,3.0,N6_th0.00_archrbm_h48_s17,rbm,6,0.0,48,17,0.22807231345757004
90,6.0,1.0084901620272664,2.0274098396301268,1.9577261209487915,0.81893231618513,0.44508997688589325,3.0,N6_th0.00_archrbm_h48_s17,rbm,6,0.0,48,17,0.2280723134575699
0,0.0,1.0084901620272664,1.9268141984939575,1.9687368869781494,0.8176554821763047,0.4195002382249102,3.0,N6_th0.00_archrbm_h48_s23,rbm,6,0.0,48,23,0.22807231345757034
18,1.2,1.0084901620272682,1.9892694664001465,1.9122942686080933,0.817162333328614,0.436944706276532,3.0,N6_th0.00_archrbm_h48_s23,rbm,6,0.0,48,23,0.22807231345756954
36,2.4,1.0084901620272673,2.007378492355347,1.9296833276748657,0.8181648376915479,0.43921414103882916,3.0,N6_th0.00_archrbm_h48_s23,rbm,6,0.0,48,23,0.2280723134575699
54,3.6,1.0084901620272673,1.9777908992767335,2.034954786300659,0.8169157647432665,0.43550383752343874,3.0,N6_th0.00_archrbm_h48_s23,rbm,6,0.0,48,23,0.22807231345757017
72,4.8,1.0084901620272673,1.907173547744751,2.0811312198638916,0.8181420494398971,0.4201824298705476,3.0,N6_th0.00_archrbm_h48_s23,rbm,6,0.0,48,23,0.22807231345757004
90,6.0,1.0084901620272664,1.9658261585235595,2.09796142578125,0.8178944520352798,0.4308813405739017,3.0,N6_th0.00_archrbm_h48_s23,rbm,6,0.0,48,23,0.2280723134575699
0,0.0,1.0084901620272664,2.0394365692138674,1.960665225982666,0.8174653315756518,0.4469736926548338,3.0,N6_th0.00_archrbm_h48_s29,rbm,6,0.0,48,29,0.22807231345757034
18,1.2,1.0084901620272682,1.9857623958587647,1.9886596202850342,0.8174434923251854,0.435626064053591,3.0,N6_th0.00_archrbm_h48_s29,rbm,6,0.0,48,29,0.22807231345756954
36,2.4,1.0084901620272673,1.975007929801941,2.0678648948669434,0.817309816802727,0.43041110429939244,3.0,N6_th0.00_archrbm_h48_s29,rbm,6,0.0,48,29,0.2280723134575699
54,3.6,1.0084901620272673,1.9857900619506836,1.896490454673767,0.8173141159153503,0.4348212080519404,3.0,N6_th0.00_archrbm_h48_s29,rbm,6,0.0,48,29,0.22807231345757017
72,4.8,1.0084901620272673,1.9748774766921997,1.9625322818756104,0.8170405632005302,0.43332005750036456,3.0,N6_th0.00_archrbm_h48_s29,rbm,6,0.0,48,29,0.22807231345757004
90,6.0,1.0084901620272664,2.0236982345581054,1.9396555423736572,0.8171643887790898,0.44129362940540495,3.0,N6_th0.00_archrbm_h48_s29,rbm,6,0.0,48,29,0.2280723134575699
0,0.0,1.008490162027253,1.965206699371338,1.9557725191116333,0.8172169465099209,0.4305538610393258,3.0,N6_th0.80_archrbm_h48_s11,rbm,6,0.8,48,11,0.22807231345756993
18,1.2,0.974846073502917,1.9015427780151368,1.9141088724136353,0.7836474056606647,0.41599550849460853,3.0,N6_th0.80_archrbm_h48_s11,rbm,6,0.8,48,11,0.19095899253826634
36,2.4,1.0064397219830523,1.9512860774993896,1.9502770900726318,0.806085917006191,0.42959830272874133,3.0,N6_th0.80_archrbm_h48_s11,rbm,6,0.8,48,11,0.19692464800392412
54,3.6,0.9886711292843469,1.9761879348754883,1.880767822265625,0.8028042481708416,0.43428070408555053,3.0,N6_th0.80_archrbm_h48_s11,rbm,6,0.8,48,11,0.22175346555716147
72,4.8,0.9781356442614628,1.8751913070678712,1.9380968809127808,0.78357311150817,0.4159080611019731,3.0,N6_th0.80_archrbm_h48_s11,rbm,6,0.8,48,11,0.19685188124694564
90,6.0,1.0206232686709384,1.9806668186187744,1.9788682460784912,0.8185198431289258,0.43774653362028815,3.0,N6_th0.80_archrbm_h48_s11,rbm,6,0.8,48,11,0.19423501404520116
0,0.0,1.008490162027253,1.9721355438232422,1.8779973983764648,0.8168105081184406,0.43251621090959436,3.0,N6_th0.80_archrbm_h48_s17,rbm,6,0.8,48,17,0.22807231345756993
18,1.2,0.974846073502917,1.9418924427032471,1.9105395078659058,0.7843713918797283,0.4297144519264061,3.0,N6_th0.80_archrbm_h48_s17,rbm,6,0.8,48,17,0.19095899253826634
36,2.4,1.0064397219830523,2.0406654930114745,2.0275497436523438,0.8067524505638932,0.4500788821130961,3.0,N6_th0.80_archrbm_h48_s17,rbm,6,0.8,48,17,0.19692464800392412
54,3.6,0.9886711292843469,1.9932105445861816,1.8901000022888184,0.8026135412341664,0.434030958702293,3.0,N6_th0.80_archrbm_h48_s17,rbm,6,0.8,48,17,0.22175346555716147
72,4.8,0.9781356442614628,1.903228874206543,2.0587265491485596,0.7840436671583102,0.4220424766015325,3.0,N6_th0.80_archrbm_h48_s17,rbm,6,0.8,48,17,0.19685188124694564
90,6.0,1.0206232686709384,2.042677574157715,2.0382721424102783,0.8197942613785534,0.4493383078315851,3.0,N6_th0.80_archrbm_h48_s17,rbm,6,0.8,48,17,0.19423501404520116
0,0.0,1.008490162027253,1.9268141984939575,1.9687368869781494,0.817655482176304,0.4195002382249101,3.0,N6_th0.80_archrbm_h48_s23,rbm,6,0.8,48,23,0.22807231345756993
18,1.2,0.974846073502917,1.900973014831543,1.8733898401260376,0.7835326442478656,0.4186583335357221,3.0,N6_th0.80_archrbm_h48_s23,rbm,6,0.8,48,23,0.19095899253826634
36,2.4,1.0064397219830523,1.9993850326538085,1.9361916780471802,0.8066140978718472,0.4395455998898321,3.0,N6_th0.80_archrbm_h48_s23,rbm,6,0.8,48,23,0.19692464800392412
54,3.6,0.9886711292843469,1.9482906341552735,1.9871169328689575,0.8021572794129135,0.4283351992293647,3.0,N6_th0.80_archrbm_h48_s23,rbm,6,0.8,48,23,0.22175346555716147
72,4.8,0.9781356442614628,1.8616596364974975,1.9956814050674438,0.7841160094133961,0.41238926434210993,3.0,N6_th0.80_archrbm_h48_s23,rbm,6,0.8,48,23,0.19685188124694564
90,6.0,1.0206232686709384,1.976959047317505,2.121361017227173,0.8183714561267266,0.4372099949976196,3.0,N6_th0.80_archrbm_h48_s23,rbm,6,0.8,48,23,0.19423501404520116
0,0.0,1.008490162027253,2.0394365692138674,1.960665225982666,0.8174653315756513,0.4469736926548338,3.0,N6_th0.80_archrbm_h48_s29,rbm,6,0.8,48,29,0.22807231345756993
18,1.2,0.974846073502917,1.91409273147583,1.945310115814209,0.783729025829706,0.4213794289275705,3.0,N6_th0.80_archrbm_h48_s29,rbm,6,0.8,48,29,0.19095899253826634
36,2.4,1.0064397219830523,1.9704093074798583,2.060472011566162,0.8059931847217772,0.43264661036143726,3.0,N6_th0.80_archrbm_h48_s29,rbm,6,0.8,48,29,0.19692464800392412
54,3.6,0.9886711292843469,1.9485636568069458,1.8785580396652222,0.8027096571843028,0.42726781854611184,3.0,N6_th0.80_archrbm_h48_s29,rbm,6,0.8,48,29,0.22175346555716147
72,4.8,0.9781356442614628,1.8953105449676513,1.8979748487472534,0.78369908806605,0.41759167455633395,3.0,N6_th0.80_archrbm_h48_s29,rbm,6,0.8,48,29,0.19685188124694564
90,6.0,1.0206232686709384,2.0185111713409425,1.9627279043197632,0.8186121279547628,0.44398773530226165,3.0,N6_th0.80_archrbm_h48_s29,rbm,6,0.8,48,29,0.19423501404520116
0,0.0,1.0084901620272637,1.965206699371338,1.9557725191116333,0.817216946509921,0.4305538610393258,3.0,N6_th1.20_archrbm_h48_s11,rbm,6,1.2,48,11,0.22807231345756984
18,1.2,0.9554189620941527,1.8944546890258789,1.9423162937164307,0.7755048477766646,0.4179648699114836,3.0,N6_th1.20_archrbm_h48_s11,rbm,6,1.2,48,11,0.17341892145885193
36,2.4,1.0230536561426282,2.004010410308838,1.9896036386489868,0.8235457034405229,0.4438602055903822,3.0,N6_th1.20_archrbm_h48_s11,rbm,6,1.2,48,11,0.18904834460047573
54,3.6,0.9656155401069135,1.9286036205291748,1.8462085723876953,0.7838695139257974,0.4241744953949267,3.0,N6_th1.20_archrbm_h48_s11,rbm,6,1.2,48,11,0.21276342565497544
72,4.8,0.9679527930471643,1.8547263765335082,1.9193452596664429,0.7759554708321297,0.4134037746923927,3.0,N6_th1.20_archrbm_h48_s11,rbm,6,1.2,48,11,0.18893110055759413
90,6.0,1.0422330166096039,2.05465106010437,2.0718414783477783,0.8435629022698035,0.4575277323992142,3.0,N6_th1.20_archrbm_h48_s11,rbm,6,1.2,48,11,0.1845064499608188
0,0.0,1.0084901620272637,1.9721355438232422,1.8779973983764648,0.8168105081184409,0.43251621090959436,3.0,N6_th1.20_archrbm_h48_s17,rbm,6,1.2,48,17,0.22807231345756984
18,1.2,0.9554189620941527,1.918327579498291,1.8943746089935303,0.7764739094897418,0.42833217937072454,3.0,N6_th1.20_archrbm_h48_s17,rbm,6,1.2,48,17,0.17341892145885193
36,2.4,1.0230536561426282,2.084850778579712,2.052765130996704,0.8243612533735779,0.46081674538144957,3.0,N6_th1.20_archrbm_h48_s17,rbm,6,1.2,48,17,0.18904834460047573
54,3.6,0.9656155401069135,1.9536911201477052,1.8659415245056152,0.7835649630243291,0.4252141500243072,3.0,N6_th1.20_archrbm_h48_s17,rbm,6,1.2,48,17,0.21276342565497544
72,4.8,0.9679527930471643,1.8993870115280151,2.0024147033691406,0.7761320137382353,0.4226734722313044,3.0,N6_th1.20_archrbm_h48_s17,rbm,6,1.2,48,17,0.18893110055759413
90,6.0,1.0422330166096039,2.095867176055908,2.0968151092529297,0.844338889576121,0.4627749627155,3.0,N6_th1.20_archrbm_h48_s17,rbm,6,1.2,48,17,0.1845064499608188
0,0.0,1.0084901620272637,1.9268141984939575,1.9687368869781494,0.8176554821763045,0.4195002382249101,3.0,N6_th1.20_archrbm_h48_s23,rbm,6,1.2,48,23,0.22807231345756984
18,1.2,0.9554189620941527,1.8790796375274659,1.8413996696472168,0.7753310601612935,0.41574078943227455,3.0,N6_th1.20_archrbm_h48_s23,rbm,6,1.2,48,23,0.17341892145885193
36,2.4,1.0230536561426282,2.0323354530334474,1.9663360118865967,0.8237675583282554,0.4499990049574045,3.0,N6_th1.20_archrbm_h48_s23,rbm,6,1.2,48,23,0.18904834460047573
54,3.6,0.9656155401069135,1.8972608423233033,1.964951753616333,0.7830393995713958,0.4170604374715383,3.0,N6_th1.20_archrbm_h48_s23,rbm,6,1.2,48,23,0.21276342565497544
72,4.8,0.9679527930471643,1.8432657194137574,2.032750129699707,0.77609508623119,0.4098033271092963,3.0,N6_th1.20_archrbm_h48_s23,rbm,6,1.2,48,23,0.18893110055759413
90,6.0,1.0422330166096039,2.058426275253296,2.141266345977783,0.8435796782060543,0.45723912453347304,3.0,N6_th1.20_archrbm_h48_s23,rbm,6,1.2,48,23,0.1845064499608188
0,0.0,1.0084901620272637,2.0394365692138674,1.960665225982666,0.8174653315756513,0.4469736926548338,3.0,N6_th1.20_archrbm_h48_s29,rbm,6,1.2,48,29,0.22807231345756984
18,1.2,0.9554189620941527,1.9132093429565429,1.9230756759643555,0.775465141825851,0.4231924086175213,3.0,N6_th1.20_archrbm_h48_s29,rbm,6,1.2,48,29,0.17341892145885193
36,2.4,1.0230536561426282,2.043491153717041,2.1140427589416504,0.824809188512086,0.45317080437727886,3.0,N6_th1.20_archrbm_h48_s29,rbm,6,1.2,48,29,0.18904834460047573
54,3.6,0.9656155401069135,1.8939801931381226,1.869367003440857,0.783295382582028,0.41407588612331825,3.0,N6_th1.20_archrbm_h48_s29,rbm,6,1.2,48,29,0.21276342565497544
72,4.8,0.9679527930471643,1.883107295036316,1.8206572532653809,0.775654368613502,0.4159926027147894,3.0,N6_th1.20_archrbm_h48_s29,rbm,6,1.2,48,29,0.18893110055759413
90,6.0,1.0422330166096039,2.0650019454956055,2.065333127975464,0.8435460473778562,0.45572418557632965,3.0,N6_th1.20_archrbm_h48_s29,rbm,6,1.2,48,29,0.1845064499608188
0,0.0,1.008490162027261,1.965206699371338,1.9557725191116333,0.8172169465099214,0.4305538610393258,3.0,N6_th1.60_archrbm_h48_s11,rbm,6,1.6,48,11,0.22807231345757015
18,1.2,0.9350737064600487,1.8483563709259032,1.9074664115905762,0.7731771672418414,0.41046903805971596,3.0,N6_th1.60_archrbm_h48_s11,rbm,6,1.6,48,11,0.15669435686493144
36,2.4,1.0444684152380752,2.093739833831787,2.073132038116455,0.8532205626274983,0.46512510741156715,3.0,N6_th1.60_archrbm_h48_s11,rbm,6,1.6,48,11,0.18582664395060175
54,3.6,0.9385068540605364,1.851981611251831,1.7710516452789307,0.7579528000022904,0.4071533671222078,3.0,N6_th1.60_archrbm_h48_s11,rbm,6,1.6,48,11,0.20205603716938028
72,4.8,0.9662531731704318,1.8558898735046387,1.9115843772888184,0.7724647542456078,0.4140610166149829,3.0,N6_th1.60_archrbm_h48_s11,rbm,6,1.6,48,11,0.1885127597239631
90,6.0,1.0545633371986742,2.149354114532471,2.1352856159210205,0.8697495724687205,0.4812987604079617,3.0,N6_th1.60_archrbm_h48_s11,rbm,6,1.6,48,11,0.182102309255429
0,0.0,1.008490162027261,1.9721355438232422,1.8779973983764648,0.8168105081184411,0.43251621090959436,3.0,N6_th1.60_archrbm_h48_s17,rbm,6,1.6,48,17,0.22807231345757015
18,1.2,0.9350737064600487,1.891071834564209,1.8908350467681885,0.7733373856224319,0.425325688963994,3.0,N6_th1.60_archrbm_h48_s17,rbm,6,1.6,48,17,0.15669435686493144
36,2.4,1.0444684152380752,2.1312029695510866,2.125953197479248,0.8532732745187315,0.4737648677951975,3.0,N6_th1.60_archrbm_h48_s17,rbm,6,1.6,48,17,0.18582664395060175
54,3.6,0.9385068540605364,1.869102153778076,1.7646431922912598,0.7578155916388761,0.40723119243411293,3.0,N6_th1.60_archrbm_h48_s17,rbm,6,1.6,48,17,0.20205603716938028
72,4.8,0.9662531731704318,1.8708007621765137,1.9513250589370728,0.773739350961553,0.4175799967420519,3.0,N6_th1.60_archrbm_h48_s17,rbm,6,1.6,48,17,0.1885127597239631
90,6.0,1.0545633371986742,2.187536611557007,2.1442089080810547,0.8697557320344381,0.4830338341374536,3.0,N6_th1.60_archrbm_h48_s17,rbm,6,1.6,48,17,0.182102309255429
0,0.0,1.008490162027261,1.9268141984939575,1.9687368869781494,0.8176554821763046,0.4195002382249102,3.0,N6_th1.60_archrbm_h48_s23,rbm,6,1.6,48,23,0.22807231345757015
18,1.2,0.9350737064600487,1.8509184741973876,1.8584636449813843,0.7727884389862152,0.4104988955744486,3.0,N6_th1.60_archrbm_h48_s23,rbm,6,1.6,48,23,0.15669435686493144
36,2.4,1.0444684152380752,2.123057622909546,2.0781915187835693,0.8533252641833668,0.47153788786325007,3.0,N6_th1.60_archrbm_h48_s23,rbm,6,1.6,48,23,0.18582664395060175
54,3.6,0.9385068540605364,1.8262726879119873,1.9211721420288086,0.7579638294806729,0.40132711115770053,3.0,N6_th1.60_archrbm_h48_s23,rbm,6,1.6,48,23,0.20205603716938028
72,4.8,0.9662531731704318,1.8570947885513305,2.0246801376342773,0.771926373654596,0.4142520912381999,3.0,N6_th1.60_archrbm_h48_s23,rbm,6,1.6,48,23,0.1885127597239631
90,6.0,1.0545633371986742,2.133582592010498,2.2502760887145996,0.8690596457899258,0.4751245560358748,3.0,N6_th1.60_archrbm_h48_s23,rbm,6,1.6,48,23,0.182102309255429
0,0.0,1.008490162027261,2.0394365692138674,1.960665225982666,0.8174653315756517,0.4469736926548338,3.0,N6_th1.60_archrbm_h48_s29,rbm,6,1.6,48,29,0.22807231345757015
18,1.2,0.9350737064600487,1.8892456197738647,1.914600133895874,0.7727744223630354,0.42178324624165925,3.0,N6_th1.60_archrbm_h48_s29,rbm,6,1.6,48,29,0.15669435686493144
36,2.4,1.0444684152380752,2.1163572692871093,2.169034957885742,0.8533443212320654,0.4701564475114574,3.0,N6_th1.60_archrbm_h48_s29,rbm,6,1.6,48,29,0.18582664395060175
54,3.6,0.9385068540605364,1.8475097370147706,1.797782301902771,0.7578276858847164,0.40408939665708704,3.0,N6_th1.60_archrbm_h48_s29,rbm,6,1.6,48,29,0.20205603716938028
72,4.8,0.9662531731704318,1.8833632755279541,1.8371862173080444,0.7720885731947399,0.41764827868069027,3.0,N6_th1.60_archrbm_h48_s29,rbm,6,1.6,48,29,0.1885127597239631
90,6.0,1.0545633371986742,2.141781644821167,2.110231637954712,0.86921479629205,0.4743236200813308,3.0,N6_th1.60_archrbm_h48_s29,rbm,6,1.6,48,29,0.182102309255429
0,0.0,1.0084901620272682,1.965206699371338,1.9557725191116333,0.8172169465099208,0.4305538610393257,3.0,N6_th2.00_archrbm_h48_s11,rbm,6,2.0,48,11,0.2280723134575696
18,1.2,0.9146007288323208,1.8557812261581421,1.8728280067443848,0.7754894488278444,0.4149139453870787,3.0,N6_th2.00_archrbm_h48_s11,rbm,6,2.0,48,11,0.1408822623690095
36,2.4,1.063163937015629,2.2102321434020995,2.152642250061035,0.8913463338820158,0.4938885867890963,3.0,N6_th2.00_archrbm_h48_s11,rbm,6,2.0,48,11,0.1867823748063163
54,3.6,0.9125087825727354,1.8145646858215332,1.7211326360702515,0.7304194017951231,0.39800897229927457,3.0,N6_th2.00_archrbm_h48_s11,rbm,6,2.0,48,11,0.19290423191568273
72,4.8,0.9751011728178831,1.8640378189086915,1.9018312692642212,0.7726553241846812,0.415213440508294,3.0,N6_th2.00_archrbm_h48_s11,rbm,6,2.0,48,11,0.19579093751309315
90,6.0,1.0523714152575945,2.190255813598633,2.173095941543579,0.8824441343648028,0.4903368043258144,3.0,N6_th2.00_archrbm_h48_s11,rbm,6,2.0,48,11,0.1881153305116463
0,0.0,1.0084901620272682,1.9721355438232422,1.8779973983764648,0.8168105081184405,0.43251621090959425,3.0,N6_th2.00_archrbm_h48_s17,rbm,6,2.0,48,17,0.2280723134575696
18,1.2,0.9146007288323208,1.8796871280670167,1.8392693996429443,0.7760229839832589,0.42699386340843537,3.0,N6_th2.00_archrbm_h48_s17,rbm,6,2.0,48,17,0.1408822623690095
36,2.4,1.063163937015629,2.2095264625549316,2.2325797080993652,0.8917151375678528,0.49431585072531337,3.0,N6_th2.00_archrbm_h48_s17,rbm,6,2.0,48,17,0.1867823748063163
54,3.6,0.9125087825727354,1.8226386070251466,1.7520453929901123,0.7300626058849521,0.3963173237625399,3.0,N6_th2.00_archrbm_h48_s17,rbm,6,2.0,48,17,0.19290423191568273
72,4.8,0.9751011728178831,1.8849770259857177,1.9652825593948364,0.7742071297738911,0.42080240046919715,3.0,N6_th2.00_archrbm_h48_s17,rbm,6,2.0,48,17,0.19579093751309315
90,6.0,1.0523714152575945,2.226596555709839,2.2055258750915527,0.8827353230742774,0.4922588597701253,3.0,N6_th2.00_archrbm_h48_s17,rbm,6,2.0,48,17,0.1881153305116463
0,0.0,1.0084901620272682,1.9268141984939575,1.9687368869781494,0.817655482176304,0.4195002382249101,3.0,N6_th2.00_archrbm_h48_s23,rbm,6,2.0,48,23,0.2280723134575696
18,1.2,0.9146007288323208,1.8543662691116334,1.8537240028381348,0.7755731546615133,0.41480566838255006,3.0,N6_th2.00_archrbm_h48_s23,rbm,6,2.0,48,23,0.1408822623690095
36,2.4,1.063163937015629,2.210325174331665,2.1656949520111084,0.891462573918431,0.4928710283417945,3.0,N6_th2.00_archrbm_h48_s23,rbm,6,2.0,48,23,0.1867823748063163
54,3.6,0.9125087825727354,1.7751764345169068,1.8100745677947998,0.7299455005385269,0.3889092741885436,3.0,N6_th2.00_archrbm_h48_s23,rbm,6,2.0,48,23,0.19290423191568273
72,4.8,0.9751011728178831,1.8674024963378906,2.046766519546509,0.7723024454914178,0.4168580227988038,3.0,N6_th2.00_archrbm_h48_s23,rbm,6,2.0,48,23,0.19579093751309315
90,6.0,1.0523714152575945,2.1960659408569336,2.299574851989746,0.8818494290477046,0.48818785249068986,3.0,N6_th2.00_archrbm_h48_s23,rbm,6,2.0,48,23,0.1881153305116463
0,0.0,1.0084901620272682,2.0394365692138674,1.960665225982666,0.8174653315756513,0.44697369265483367,3.0,N6_th2.00_archrbm_h48_s29,rbm,6,2.0,48,29,0.2280723134575696
18,1.2,0.9146007288323208,1.8872786808013915,1.9122099876403809,0.775732988479495,0.4253177982369123,3.0,N6_th2.00_archrbm_h48_s29,rbm,6,2.0,48,29,0.1408822623690095
36,2.4,1.063163937015629,2.1875843811035156,2.283735990524292,0.8914659332877259,0.48919994419904245,3.0,N6_th2.00_archrbm_h48_s29,rbm,6,2.0,48,29,0.1867823748063163
54,3.6,0.9125087825727354,1.7821682643890382,1.8435149192810059,0.7299854280196506,0.388266453408997,3.0,N6_th2.00_archrbm_h48_s29,rbm,6,2.0,48,29,0.19290423191568273
72,4.8,0.9751011728178831,1.8935223770141603,1.857664704322815,0.7723381033988324,0.4199081296458168,3.0,N6_th2.00_archrbm_h48_s29,rbm,6,2.0,48,29,0.19579093751309315
90,6.0,1.0523714152575945,2.169693794250488,2.1740386486053467,0.8811086680690896,0.4808152239165867,3.0,N6_th2.00_archrbm_h48_s29,rbm,6,2.0,48,29,0.1881153305116463
0,0.0,1.0084901620272477,1.965206699371338,1.9557725191116333,0.817216946509921,0.4305538610393258,3.0,N6_th2.40_archrbm_h48_s11,rbm,6,2.4,48,11,0.2280723134575697
18,1.2,0.8948626368335626,1.8557450008392333,1.8781180381774902,0.7830933616953634,0.41719495929160155,3.0,N6_th2.40_archrbm_h48_s11,rbm,6,2.4,48,11,0.1260734603764754
36,2.4,1.0715662598774847,2.3265369510650635,2.2910001277923584,0.9348981693043323,0.5205682946685999,3.0,N6_th2.40_archrbm_h48_s11,rbm,6,2.4,48,11,0.19141928377194004
54,3.6,0.8931614989897376,1.7657466173171996,1.620904803276062,0.7070465825704103,0.38663544201717837,3.0,N6_th2.40_archrbm_h48_s11,rbm,6,2.4,48,11,0.18926547468083876
72,4.8,0.9963514460599745,1.903859829902649,1.9554803371429443,0.7799875552517251,0.42306442732315575,3.0,N6_th2.40_archrbm_h48_s11,rbm,6,2.4,48,11,0.2100723243495242
90,6.0,1.0385347926284512,2.1785640144348144,2.1916730403900146,0.8721598430259365,0.48514686308428423,3.0,N6_th2.40_archrbm_h48_s11,rbm,6,2.4,48,11,0.19707419160907158
0,0.0,1.0084901620272477,1.9721355438232422,1.8779973983764648,0.8168105081184407,0.43251621090959436,3.0,N6_th2.40_archrbm_h48_s17,rbm,6,2.4,48,17,0.2280723134575697
18,1.2,0.8948626368335626,1.8807500076293946,1.850035309791565,0.7833190476022749,0.4297758150778983,3.0,N6_th2.40_archrbm_h48_s17,rbm,6,2.4,48,17,0.1260734603764754
36,2.4,1.0715662598774847,2.337629909515381,2.3416459560394287,0.9353283460788971,0.5248920302384692,3.0,N6_th2.40_archrbm_h48_s17,rbm,6,2.4,48,17,0.19141928377194004
54,3.6,0.8931614989897376,1.7915678310394287,1.6803135871887207,0.7068933890711542,0.3896686195422613,3.0,N6_th2.40_archrbm_h48_s17,rbm,6,2.4,48,17,0.18926547468083876
72,4.8,0.9963514460599745,1.9005638027191163,2.026890277862549,0.7813607259801911,0.4235320462679094,3.0,N6_th2.40_archrbm_h48_s17,rbm,6,2.4,48,17,0.2100723243495242
90,6.0,1.0385347926284512,2.22386981010437,2.200239896774292,0.8724056304710339,0.4895785219871155,3.0,N6_th2.40_archrbm_h48_s17,rbm,6,2.4,48,17,0.19707419160907158
0,0.0,1.0084901620272477,1.9268141984939575,1.9687368869781494,0.8176554821763042,0.4195002382249102,3.0,N6_th2.40_archrbm_h48_s23,rbm,6,2.4,48,23,0.2280723134575697
18,1.2,0.8948626368335626,1.8595550870895385,1.8295083045959473,0.7829638038653545,0.41983544469757783,3.0,N6_th2.40_archrbm_h48_s23,rbm,6,2.4,48,23,0.1260734603764754
36,2.4,1.0715662598774847,2.326763277053833,2.296945810317993,0.9353010102406139,0.5198258264600997,3.0,N6_th2.40_archrbm_h48_s23,rbm,6,2.4,48,23,0.19141928377194004
54,3.6,0.8931614989897376,1.729296989440918,1.7457598447799683,0.7065112647829138,0.3774080833506853,3.0,N6_th2.40_archrbm_h48_s23,rbm,6,2.4,48,23,0.18926547468083876
72,4.8,0.9963514460599745,1.8877565383911132,2.0429978370666504,0.7793078964688439,0.42039830068655804,3.0,N6_th2.40_archrbm_h48_s23,rbm,6,2.4,48,23,0.2100723243495242
90,6.0,1.0385347926284512,2.192095546722412,2.322059392929077,0.8716559707429008,0.4855751225106556,3.0,N6_th2.40_archrbm_h48_s23,rbm,6,2.4,48,23,0.19707419160907158
0,0.0,1.0084901620272477,2.0394365692138674,1.960665225982666,0.8174653315756514,0.4469736926548338,3.0,N6_th2.40_archrbm_h48_s29,rbm,6,2.4,48,29,0.2280723134575697
18,1.2,0.8948626368335626,1.8780147981643678,1.915651798248291,0.7831303994833474,0.42687449863114546,3.0,N6_th2.40_archrbm_h48_s29,rbm,6,2.4,48,29,0.1260734603764754
36,2.4,1.0715662598774847,2.301096935272217,2.375366449356079,0.9348177935478945,0.51644834180879,4.0,N6_th2.40_archrbm_h48_s29,rbm,6,2.4,48,29,0.19141928377194004
54,3.6,0.8931614989897376,1.7592197704315184,1.8786180019378662,0.707639735465783,0.383428692879887,3.0,N6_th2.40_archrbm_h48_s29,rbm,6,2.4,48,29,0.18926547468083876
72,4.8,0.9963514460599745,1.9063091468811035,1.8916126489639282,0.7795805706493353,0.4223994056597046,3.0,N6_th2.40_archrbm_h48_s29,rbm,6,2.4,48,29,0.2100723243495242
90,6.0,1.0385347926284512,2.1562568664550783,2.1983096599578857,0.8704705511409225,0.4762552229630924,3.0,N6_th2.40_archrbm_h48_s29,rbm,6,2.4,48,29,0.19707419160907158
0,0.0,1.3965262507490053,2.643118782043457,2.65463924407959,1.0964849762684123,0.5294809506651917,6.0,N8_th0.00_archrbm_h48_s11,rbm,8,0.0,48,11,0.2255826675718643
18,1.2,1.3965262507490044,2.7011141967773438,2.6657400131225586,1.096655976785915,0.5402310583116984,6.0,N8_th0.00_archrbm_h48_s11,rbm,8,0.0,48,11,0.22558266757186446
36,2.4,1.3965262507490044,2.6953791522979738,2.6715643405914307,1.0964810069514557,0.5356838079247547,6.0,N8_th0.00_archrbm_h48_s11,rbm,8,0.0,48,11,0.2255826675718642
54,3.6,1.3965262507490044,2.7579045486450195,2.6785292625427246,1.0966018790526195,0.5506412911543505,7.0,N8_th0.00_archrbm_h48_s11,rbm,8,0.0,48,11,0.22558266757186443
72,4.8,1.3965262507490044,2.666554832458496,2.693013906478882,1.0960922744164525,0.5323985498431968,7.0,N8_th0.00_archrbm_h48_s11,rbm,8,0.0,48,11,0.2255826675718643
90,6.0,1.3965262507490044,2.6313747692108156,2.710642099380493,1.0976791977346205,0.524148416392394,7.0,N8_th0.00_archrbm_h48_s11,rbm,8,0.0,48,11,0.2255826675718642
0,0.0,1.3965262507490053,2.627468490600586,2.6691789627075195,1.0970902727028256,0.5263440821755582,6.0,N8_th0.00_archrbm_h48_s17,rbm,8,0.0,48,17,0.2255826675718643
18,1.2,1.3965262507490044,2.7499794006347655,2.741544246673584,1.0964927610160105,0.5482670898963502,7.0,N8_th0.00_archrbm_h48_s17,rbm,8,0.0,48,17,0.22558266757186446
36,2.4,1.3965262507490044,2.7702198791503907,2.720860004425049,1.0964508802249675,0.5503953627037935,7.0,N8_th0.00_archrbm_h48_s17,rbm,8,0.0,48,17,0.2255826675718642
54,3.6,1.3965262507490044,2.766290321350098,2.603290319442749,1.0966584134074124,0.5516142945108852,6.0,N8_th0.00_archrbm_h48_s17,rbm,8,0.0,48,17,0.22558266757186443
72,4.8,1.3965262507490044,2.6652861785888673,2.8159172534942627,1.096266024856005,0.5326163586855704,-1.0,N8_th0.00_archrbm_h48_s17,rbm,8,0.0,48,17,0.2255826675718643
90,6.0,1.3965262507490044,2.7383960247039796,2.671820640563965,1.0976376325303818,0.5441154146412093,7.0,N8_th0.00_archrbm_h48_s17,rbm,8,0.0,48,17,0.2255826675718642
0,0.0,1.3965262507490053,2.6467612648010252,2.556844472885132,1.0965610374901729,0.5293103297580449,6.0,N8_th0.00_archrbm_h48_s23,rbm,8,0.0,48,23,0.2255826675718643
18,1.2,1.3965262507490044,2.688863124847412,2.6418375968933105,1.096581186048264,0.5362613124339747,6.0,N8_th0.00_archrbm_h48_s23,rbm,8,0.0,48,23,0.22558266757186446
36,2.4,1.3965262507490044,2.7377525806427,2.586444616317749,1.097096632868702,0.5461391354336355,6.0,N8_th0.00_archrbm_h48_s23,rbm,8,0.0,48,23,0.2255826675718642
54,3.6,1.3965262507490044,2.6999500465393065,2.7439169883728027,1.0960208769936923,0.5400836544498673,8.0,N8_th0.00_archrbm_h48_s23,rbm,8,0.0,48,23,0.22558266757186443
72,4.8,1.3965262507490044,2.642150993347168,2.8234570026397705,1.0972049251634706,0.5285396622305422,-1.0,N8_th0.00_archrbm_h48_s23,rbm,8,0.0,48,23,0.2255826675718643
90,6.0,1.3965262507490044,2.668191184997559,2.875856876373291,1.0970178413068297,0.5324224625343004,-1.0,N8_th0.00_archrbm_h48_s23,rbm,8,0.0,48,23,0.2255826675718642
0,0.0,1.3965262507490053,2.7229489517211913,2.6306543350219727,1.096755676209325,0.5424658976625606,6.0,N8_th0.00_archrbm_h48_s29,rbm,8,0.0,48,29,0.2255826675718643
18,1.2,1.3965262507490044,2.6876647377014162,2.688854932785034,1.0969252132167846,0.5395695035984621,7.0,N8_th0.00_archrbm_h48_s29,rbm,8,0.0,48,29,0.22558266757186446
36,2.4,1.3965262507490044,2.690290813446045,2.839789867401123,1.0964516002855285,0.5365698679981493,-1.0,N8_th0.00_archrbm_h48_s29,rbm,8,0.0,48,29,0.2255826675718642
54,3.6,1.3965262507490044,2.683173027038574,2.566588878631592,1.096621881952763,0.5357248799548358,6.0,N8_th0.00_archrbm_h48_s29,rbm,8,0.0,48,29,0.22558266757186443
72,4.8,1.3965262507490044,2.719088897705078,2.6782867908477783,1.0964135912519124,0.5428474267890818,6.0,N8_th0.00_archrbm_h48_s29,rbm,8,0.0,48,29,0.2255826675718643
90,6.0,1.3965262507490044,2.7187895011901855,2.705965518951416,1.0959283935835982,0.5412323742579457,7.0,N8_th0.00_archrbm_h48_s29,rbm,8,0.0,48,29,0.2255826675718642
0,0.0,1.3965262507490088,2.643118782043457,2.65463924407959,1.0964849762684123,0.5294809506651917,6.0,N8_th0.80_archrbm_h48_s11,rbm,8,0.8,48,11,0.22558266757186451
18,1.2,1.3616819804276439,2.6115219688415525,2.6220626831054688,1.0678996066180173,0.525869101996683,6.0,N8_th0.80_archrbm_h48_s11,rbm,8,0.8,48,11,0.26438510055495795
36,2.4,1.4059423605107506,2.6929520416259765,2.6682395935058594,1.097792785720859,0.5385199330785382,6.0,N8_th0.80_archrbm_h48_s11,rbm,8,0.8,48,11,0.2765355620257929
54,3.6,1.3699238365639204,2.708110752105713,2.6388444900512695,1.0781640413658595,0.5417007324474077,6.0,N8_th0.80_archrbm_h48_s11,rbm,8,0.8,48,11,0.22457873439676776
72,4.8,1.3653085532516016,2.5612669563293458,2.657386064529419,1.0657060377552101,0.5157060821941544,6.0,N8_th0.80_archrbm_h48_s11,rbm,8,0.8,48,11,0.25635186754242073
90,6.0,1.4245902075872712,2.780219306945801,2.7958085536956787,1.1161387568585677,0.5550213919447273,13.0,N8_th0.80_archrbm_h48_s11,rbm,8,0.8,48,11,0.28653637478957544
0,0.0,1.3965262507490088,2.627468490600586,2.6691789627075195,1.0970902727028258,0.5263440821755582,6.0,N8_th0.80_archrbm_h48_s17,rbm,8,0.8,48,17,0.22558266757186451
18,1.2,1.3616819804276439,2.641797590255737,2.7273693084716797,1.06942317158572,0.532463187464083,7.0,N8_th0.80_archrbm_h48_s17,rbm,8,0.8,48,17,0.26438510055495795
36,2.4,1.4059423605107506,2.7735573768615724,2.7745487689971924,1.0985397869109872,0.5537405869185419,9.0,N8_th0.80_archrbm_h48_s17,rbm,8,0.8,48,17,0.2765355620257929
54,3.6,1.3699238365639204,2.679137487411499,2.5821826457977295,1.0788347519124613,0.5362304112988272,6.0,N8_th0.80_archrbm_h48_s17,rbm,8,0.8,48,17,0.22457873439676776
72,4.8,1.3653085532516016,2.608924036026001,2.7568469047546387,1.0659030657824031,0.5248470119917004,8.0,N8_th0.80_archrbm_h48_s17,rbm,8,0.8,48,17,0.25635186754242073
90,6.0,1.4245902075872712,2.802995443344116,2.7429165840148926,1.1162640037062612,0.5580111229981668,8.0,N8_th0.80_archrbm_h48_s17,rbm,8,0.8,48,17,0.28653637478957544
0,0.0,1.3965262507490088,2.6467612648010252,2.556844472885132,1.096561037490173,0.5293103297580449,6.0,N8_th0.80_archrbm_h48_s23,rbm,8,0.8,48,23,0.22558266757186451
18,1.2,1.3616819804276439,2.6294649410247803,2.5788094997406006,1.0679000457341634,0.5270191533595268,6.0,N8_th0.80_archrbm_h48_s23,rbm,8,0.8,48,23,0.26438510055495795
36,2.4,1.4059423605107506,2.741509437561035,2.6899077892303467,1.0985477698900452,0.5471805155705936,7.0,N8_th0.80_archrbm_h48_s23,rbm,8,0.8,48,23,0.2765355620257929
54,3.6,1.3699238365639204,2.656309947967529,2.6822478771209717,1.0779225402172425,0.5323379055010018,7.0,N8_th0.80_archrbm_h48_s23,rbm,8,0.8,48,23,0.22457873439676776
72,4.8,1.3653085532516016,2.5913134098052977,2.7294762134552,1.0658419714201124,0.5220988666027102,7.0,N8_th0.80_archrbm_h48_s23,rbm,8,0.8,48,23,0.25635186754242073
90,6.0,1.4245902075872712,2.7759049797058104,2.897590160369873,1.1153330093280867,0.5528023560578283,-1.0,N8_th0.80_archrbm_h48_s23,rbm,8,0.8,48,23,0.28653637478957544
0,0.0,1.3965262507490088,2.7229489517211913,2.6306543350219727,1.096755676209325,0.5424658976625606,6.0,N8_th0.80_archrbm_h48_s29,rbm,8,0.8,48,29,0.22558266757186451
18,1.2,1.3616819804276439,2.6692742347717284,2.6073107719421387,1.0680845400747978,0.5377285102521723,6.0,N8_th0.80_archrbm_h48_s29,rbm,8,0.8,48,29,0.26438510055495795
36,2.4,1.4059423605107506,2.7236946201324463,2.8499279022216797,1.0978109326683088,0.545619124085212,-1.0,N8_th0.80_archrbm_h48_s29,rbm,8,0.8,48,29,0.2765355620257929
54,3.6,1.3699238365639204,2.6505368614196776,2.5273687839508057,1.0778200891627374,0.529138487465246,6.0,N8_th0.80_archrbm_h48_s29,rbm,8,0.8,48,29,0.22457873439676776
72,4.8,1.3653085532516016,2.6226869869232177,2.6032485961914062,1.0650942014554867,0.5264864241815355,6.0,N8_th0.80_archrbm_h48_s29,rbm,8,0.8,48,29,0.25635186754242073
90,6.0,1.4245902075872712,2.7838111114501953,2.7677385807037354,1.115174930887031,0.5539553360814793,9.0,N8_th0.80_archrbm_h48_s29,rbm,8,0.8,48,29,0.28653637478957544
0,0.0,1.3965262507490044,2.643118782043457,2.65463924407959,1.0964849762684126,0.5294809506651917,6.0,N8_th1.20_archrbm_h48_s11,rbm,8,1.2,48,11,0.2255826675718645
18,1.2,1.3409227460455027,2.6050988388061525,2.654423236846924,1.066904843380013,0.5261184877588485,7.0,N8_th1.20_archrbm_h48_s11,rbm,8,1.2,48,11,0.2842943930029924
36,2.4,1.4344043804706779,2.771290283203125,2.7187280654907227,1.1309501479211042,0.5546051635666043,8.0,N8_th1.20_archrbm_h48_s11,rbm,8,1.2,48,11,0.3089193608479614
54,3.6,1.3415127717017965,2.6446692752838135,2.581097364425659,1.0555448323772447,0.530638150180074,6.0,N8_th1.20_archrbm_h48_s11,rbm,8,1.2,48,11,0.22894418350402013
72,4.8,1.3546305498998352,2.5651467132568357,2.6544694900512695,1.0581515223436477,0.5176493478326133,7.0,N8_th1.20_archrbm_h48_s11,rbm,8,1.2,48,11,0.2653605430615008
90,6.0,1.4574304164446197,2.9066404724121093,2.887669563293457,1.1560806518501008,0.5776946834279356,-1.0,N8_th1.20_archrbm_h48_s11,rbm,8,1.2,48,11,0.32483170857003596
0,0.0,1.3965262507490044,2.627468490600586,2.6691789627075195,1.097090272702826,0.5263440821755582,6.0,N8_th1.20_archrbm_h48_s17,rbm,8,1.2,48,17,0.2255826675718645
18,1.2,1.3409227460455027,2.6399399852752685,2.7226948738098145,1.0667378170728605,0.533407952719166,7.0,N8_th1.20_archrbm_h48_s17,rbm,8,1.2,48,17,0.2842943930029924
36,2.4,1.4344043804706779,2.8532707786560056,2.8302736282348633,1.13006335675026,0.5694621932548198,-1.0,N8_th1.20_archrbm_h48_s17,rbm,8,1.2,48,17,0.3089193608479614
54,3.6,1.3415127717017965,2.637505111694336,2.5611913204193115,1.0555051029226166,0.5284859472410478,6.0,N8_th1.20_archrbm_h48_s17,rbm,8,1.2,48,17,0.22894418350402013
72,4.8,1.3546305498998352,2.595542697906494,2.7931597232818604,1.0589593998893458,0.5238947808188698,12.0,N8_th1.20_archrbm_h48_s17,rbm,8,1.2,48,17,0.2653605430615008
90,6.0,1.4574304164446197,2.936060094833374,2.8961448669433594,1.1558331005162183,0.5806833375773123,-1.0,N8_th1.20_archrbm_h48_s17,rbm,8,1.2,48,17,0.32483170857003596
0,0.0,1.3965262507490044,2.6467612648010252,2.556844472885132,1.0965610374901735,0.5293103297580449,6.0,N8_th1.20_archrbm_h48_s23,rbm,8,1.2,48,23,0.2255826675718645
18,1.2,1.3409227460455027,2.6664964008331298,2.5759942531585693,1.0678755636698511,0.5353902556964589,6.0,N8_th1.20_archrbm_h48_s23,rbm,8,1.2,48,23,0.2842943930029924
36,2.4,1.4344043804706779,2.8300405597686766,2.816054105758667,1.1302413986283857,0.5631963845070391,-1.0,N8_th1.20_archrbm_h48_s23,rbm,8,1.2,48,23,0.3089193608479614
54,3.6,1.3415127717017965,2.5998420333862304,2.663419723510742,1.0551383019832747,0.5215818089158134,6.0,N8_th1.20_archrbm_h48_s23,rbm,8,1.2,48,23,0.22894418350402013
72,4.8,1.3546305498998352,2.566882972717285,2.7674999237060547,1.0582762087508324,0.5189174011156495,8.0,N8_th1.20_archrbm_h48_s23,rbm,8,1.2,48,23,0.2653605430615008
90,6.0,1.4574304164446197,2.85100887298584,3.0248970985412598,1.1554636779749492,0.5671472861006314,-1.0,N8_th1.20_archrbm_h48_s23,rbm,8,1.2,48,23,0.32483170857003596
0,0.0,1.3965262507490044,2.7229489517211913,2.6306543350219727,1.0967556762093253,0.5424658976625606,6.0,N8_th1.20_archrbm_h48_s29,rbm,8,1.2,48,29,0.2255826675718645
18,1.2,1.3409227460455027,2.648629093170166,2.5794296264648438,1.0662909702326913,0.5362799661666509,6.0,N8_th1.20_archrbm_h48_s29,rbm,8,1.2,48,29,0.2842943930029924
36,2.4,1.4344043804706779,2.8009759902954103,2.9431960582733154,1.131289648695441,0.5599755564218665,-1.0,N8_th1.20_archrbm_h48_s29,rbm,8,1.2,48,29,0.3089193608479614
54,3.6,1.3415127717017965,2.591181640625,2.5228843688964844,1.0548746203316879,0.5188602054174339,6.0,N8_th1.20_archrbm_h48_s29,rbm,8,1.2,48,29,0.22894418350402013
72,4.8,1.3546305498998352,2.613874759674072,2.6224474906921387,1.0579446708263318,0.5266020796036169,6.0,N8_th1.20_archrbm_h48_s29,rbm,8,1.2,48,29,0.2653605430615008
90,6.0,1.4574304164446197,2.8790203285217286,2.853729248046875,1.1557238797805414,0.5719594329353866,-1.0,N8_th1.20_archrbm_h48_s29,rbm,8,1.2,48,29,0.32483170857003596
0,0.0,1.3965262507490221,2.643118782043457,2.65463924407959,1.096484976268414,0.5294809506651919,6.0,N8_th1.60_archrbm_h48_s11,rbm,8,1.6,48,11,0.2255826675718643
18,1.2,1.3190097719636453,2.6023412322998047,2.7042295932769775,1.0724896650262405,0.5288790344448814,7.0,N8_th1.60_archrbm_h48_s11,rbm,8,1.6,48,11,0.3043932066738237
36,2.4,1.4681307732057585,2.923899278640747,2.927203893661499,1.179687696047606,0.5833033617784423,-1.0,N8_th1.60_archrbm_h48_s11,rbm,8,1.6,48,11,0.34496074754239403
54,3.6,1.3115991647086194,2.5812504577636717,2.550295829772949,1.026741046335607,0.518984184983305,6.0,N8_th1.60_archrbm_h48_s11,rbm,8,1.6,48,11,0.24259747318598096
72,4.8,1.3536382333464072,2.5449485206604003,2.669146776199341,1.0545138796603,0.5142867229428119,7.0,N8_th1.60_archrbm_h48_s11,rbm,8,1.6,48,11,0.2700803480501376
90,6.0,1.4777575574884194,2.97550235748291,2.961197853088379,1.1891324937311025,0.588521640277219,-1.0,N8_th1.60_archrbm_h48_s11,rbm,8,1.6,48,11,0.3583261223176181
0,0.0,1.3965262507490221,2.627468490600586,2.6691789627075195,1.097090272702827,0.5263440821755583,6.0,N8_th1.60_archrbm_h48_s17,rbm,8,1.6,48,17,0.2255826675718643
18,1.2,1.3190097719636453,2.6844479179382326,2.6086418628692627,1.0734762824162387,0.5432713613967256,6.0,N8_th1.60_archrbm_h48_s17,rbm,8,1.6,48,17,0.3043932066738237
36,2.4,1.4681307732057585,2.9678128242492674,2.9701805114746094,1.1780964556423155,0.5900709865769095,-1.0,N8_th1.60_archrbm_h48_s17,rbm,8,1.6,48,17,0.34496074754239403
54,3.6,1.3115991647086194,2.5556482315063476,2.4806976318359375,1.0265037047397996,0.5127372669496515,5.0,N8_th1.60_archrbm_h48_s17,rbm,8,1.6,48,17,0.24259747318598096
72,4.8,1.3536382333464072,2.6005912017822266,2.8032946586608887,1.0556002469082322,0.5249431369172763,-1.0,N8_th1.60_archrbm_h48_s17,rbm,8,1.6,48,17,0.2700803480501376
90,6.0,1.4777575574884194,3.0027041244506836,3.0058984756469727,1.1891615435009462,0.5912588543929395,-1.0,N8_th1.60_archrbm_h48_s17,rbm,8,1.6,48,17,0.3583261223176181
0,0.0,1.3965262507490221,2.6467612648010252,2.556844472885132,1.0965610374901749,0.529310329758045,6.0,N8_th1.60_archrbm_h48_s23,rbm,8,1.6,48,23,0.2255826675718643
18,1.2,1.3190097719636453,2.6325031185150145,2.517148494720459,1.0726574036597696,0.5306465417737012,6.0,N8_th1.60_archrbm_h48_s23,rbm,8,1.6,48,23,0.3043932066738237
36,2.4,1.4681307732057585,2.9760845375061034,2.9434893131256104,1.1782040424156148,0.5908637448719795,-1.0,N8_th1.60_archrbm_h48_s23,rbm,8,1.6,48,23,0.34496074754239403
54,3.6,1.3115991647086194,2.5251471519470217,2.6211581230163574,1.0271140320487582,0.5071811104213426,6.0,N8_th1.60_archrbm_h48_s23,rbm,8,1.6,48,23,0.24259747318598096
72,4.8,1.3536382333464072,2.5683007049560547,2.7052879333496094,1.0539789865484943,0.5188801194942239,7.0,N8_th1.60_archrbm_h48_s23,rbm,8,1.6,48,23,0.2700803480501376
90,6.0,1.4777575574884194,2.949719800949097,3.1013848781585693,1.188585080587234,0.5818136187940343,-1.0,N8_th1.60_archrbm_h48_s23,rbm,8,1.6,48,23,0.3583261223176181
0,0.0,1.3965262507490221,2.7229489517211913,2.6306543350219727,1.0967556762093265,0.5424658976625607,6.0,N8_th1.60_archrbm_h48_s29,rbm,8,1.6,48,29,0.2255826675718643
18,1.2,1.3190097719636453,2.6603515052795412,2.5975024700164795,1.0726856356279861,0.5394131260147156,6.0,N8_th1.60_archrbm_h48_s29,rbm,8,1.6,48,29,0.3043932066738237
36,2.4,1.4681307732057585,2.9444854354858396,3.0049307346343994,1.1784714901966935,0.5852754316731655,-1.0,N8_th1.60_archrbm_h48_s29,rbm,8,1.6,48,29,0.34496074754239403
54,3.6,1.3115991647086194,2.5261146926879885,2.4602367877960205,1.0263861863423225,0.5063340564061891,5.0,N8_th1.60_archrbm_h48_s29,rbm,8,1.6,48,29,0.24259747318598096
72,4.8,1.3536382333464072,2.607074193954468,2.5856924057006836,1.0539966020890084,0.5264814136030476,6.0,N8_th1.60_archrbm_h48_s29,rbm,8,1.6,48,29,0.2700803480501376
90,6.0,1.4777575574884194,2.969978103637695,2.9449243545532227,1.1888959956410505,0.5856918544470427,-1.0,N8_th1.60_archrbm_h48_s29,rbm,8,1.6,48,29,0.3583261223176181
